{
  "images" : [
    {
      "idiom" : "iphone",
      "size" : "29x29",
      "scale" : "1x"
    },
    {
      "idiom" : "iphone",
      "size" : "29x29",
      "scale" : "2x"
    },
    {
      "idiom" : "iphone",
      "size" : "29x29",
      "scale" : "3x"
    },
    {
      "size" : "40x40",
      "idiom" : "iphone",
      "filename" : "imagemCerta.png",
      "scale" : "2x"
    },
    {
      "idiom" : "iphone",
      "size" : "40x40",
      "scale" : "3x"
    },
    {
      "idiom" : "iphone",
      "size" : "57x57",
      "scale" : "1x"
    },
    {
      "idiom" : "iphone",
      "size" : "57x57",
      "scale" : "2x"
    },
    {
      "idiom" : "iphone",
      "size" : "60x60",
      "scale" : "2x"
    },
    {
      "idiom" : "iphone",
      "size" : "60x60",
      "scale" : "3x"
    },
    {
      "idiom" : "ipad",
      "size" : "29x29",
      "scale" : "1x"
    },
    {
      "idiom" : "ipad",
      "size" : "29x29",
      "scale" : "2x"
    },
    {
      "idiom" : "ipad",
      "size" : "40x40",
      "scale" : "1x"
    },
    {
      "idiom" : "ipad",
      "size" : "40x40",
      "scale" : "2x"
    },
    {
      "idiom" : "ipad",
      "size" : "50x50",
      "scale" : "1x"
    },
    {
      "idiom" : "ipad",
      "size" : "50x50",
      "scale" : "2x"
    },
    {
      "idiom" : "ipad",
      "size" : "72x72",
      "scale" : "1x"
    },
    {
      "idiom" : "ipad",
      "size" : "72x72",
      "scale" : "2x"
    },
    {
      "idiom" : "ipad",
      "size" : "76x76",
      "scale" : "1x"
    },
    {
      "idiom" : "ipad",
      "size" : "76x76",
      "scale" : "2x"
    },
    {
      "idiom" : "car",
      "size" : "120x120",
      "scale" : "1x"
    },
    {
      "idiom" : "mac",
      "size" : "16x16",
      "scale" : "1x"
    },
    {
      "idiom" : "mac",
      "size" : "16x16",
      "scale" : "2x"
    },
    {
      "idiom" : "mac",
      "size" : "32x32",
      "scale" : "1x"
    },
    {
      "idiom" : "mac",
      "size" : "32x32",
      "scale" : "2x"
    },
    {
      "idiom" : "mac",
      "size" : "128x128",
      "scale" : "1x"
    },
    {
      "idiom" : "mac",
      "size" : "128x128",
      "scale" : "2x"
    },
    {
      "idiom" : "mac",
      "size" : "256x256",
      "scale" : "1x"
    },
    {
      "idiom" : "mac",
      "size" : "256x256",
      "scale" : "2x"
    },
    {
      "idiom" : "mac",
      "size" : "512x512",
      "scale" : "1x"
    },
    {
      "idiom" : "mac",
      "size" : "512x512",
      "scale" : "2x"
    }
  ],
  "info" : {
    "version" : 1,
    "author" : "xcode"
  },
  "properties" : {
    "pre-rendered" : true
  }
}